[
{ "name":"کوشا‌ جان", "ranking":1, "from":"دانشگاه صنعتی شریف، ایران", "score":1305},
{ "name":"مبارزین نتها", "ranking":2, "from":"دانشگاه امیرکبیر، ایران", "score":1270},
{ "name":"حاجی درچه‌ای", "ranking":3, "from":"دانشگاه علوم پزشکی اصفهان، اصفهان", "score":1250},
{ "name":"عدالت و آزادی", "ranking":4, "from":"دانشگاه آزاد قزوین، ایران", "score":1105},
{ "name":"Beatles", "ranking":5, "from":"دانشگاه ملی شوچنکو، اوکراین", "score":940},
{ "name":"الگل", "ranking":6, "from":"دانشگاه آزاد اسلامی واحد علوم تحقیقات، تهران", "score":925},
{ "name":"عمال مناجم البيانات", "ranking":7, "from":"دانشگاه علم و صنعت اردن، اردن", "score":870},
]
